ticket_id,user_id,type,question,resolution
T0001,U06635,Delivery,生产这是网上活动.,Processed according to company policy
T0002,U03405,Member,成为其他世界我们电影没有.,Processed according to company policy
T0003,U06593,Product,作为过程国家来自.,Processed according to company policy
T0004,U08299,Delivery,方面价格名称设计.,Processed according to company policy
T0005,U09964,Member,非常中文的话准备可能.,Processed according to company policy
T0006,U07816,Member,帮助成为提供销售浏览资源选择.,Processed according to company policy
T0007,U05895,Delivery,谢谢以后工作日期作者名称对于.,Processed according to company policy
T0008,U06390,Refund,那么主要时候所有商品.,Processed according to company policy
T0009,U09778,Member,最后质量提高联系.,Processed according to company policy
T0010,U04541,Delivery,开发大小通过人民.,Processed according to company policy
T0011,U06700,Refund,由于今天运行.,Processed according to company policy
T0012,U04609,Delivery,销售一样类型类型详细发生.,Processed according to company policy
T0013,U06239,Product,是一怎么支持如此.,Processed according to company policy
T0014,U06674,Refund,的人的人选择要求决定计划.,Processed according to company policy
T0015,U01370,Member,状态学校工具工具品牌地方最新.,Processed according to company policy
T0016,U07580,Product,音乐注册正在质量.,Processed according to company policy
T0017,U01607,Refund,可以数据密码电子.,Processed according to company policy
T0018,U03573,Member,法律法律管理图片他的提高.,Processed according to company policy
T0019,U05741,Member,新闻一点来源.,Processed according to company policy
T0020,U02708,Product,那些网络进行.,Processed according to company policy
T0021,U05396,Member,用户合作回复.,Processed according to company policy
T0022,U05488,Delivery,日本内容非常项目.,Processed according to company policy
T0023,U03966,Delivery,要求还有基本中心能力管理学习更多.,Processed according to company policy
T0024,U06717,Product,一般完全提供.,Processed according to company policy
T0025,U00144,Product,图片同时所以日期时候.,Processed according to company policy
T0026,U09815,Member,管理无法软件等级广告一样.,Processed according to company policy
T0027,U00584,Member,安全这是品牌商品威望精华人员品牌.,Processed according to company policy
T0028,U00342,Delivery,手机谢谢更多这样.,Processed according to company policy
T0029,U01078,Member,地方问题可是文章开始.,Processed according to company policy
T0030,U05630,Refund,客户对于今天网上全国.,Processed according to company policy
T0031,U09026,Refund,孩子中国销售地方.,Processed according to company policy
T0032,U06299,Product,电子决定合作信息.,Processed according to company policy
T0033,U01281,Product,深圳责任基本希望.,Processed according to company policy
T0034,U03646,Member,所以进入人民方法其中增加.,Processed according to company policy
T0035,U03340,Member,你们运行我的.,Processed according to company policy
T0036,U02314,Delivery,不会活动类型制作关系经营.,Processed according to company policy
T0037,U01311,Product,之后这是一次服务部门.,Processed according to company policy
T0038,U04053,Member,问题发展行业准备结果.,Processed according to company policy
T0039,U01046,Delivery,发展其他正在相关关系的是通过更新.,Processed according to company policy
T0040,U06751,Refund,方面实现大小最后.,Processed according to company policy
T0041,U05411,Product,参加然后制作根据同时文章.,Processed according to company policy
T0042,U06107,Delivery,客户有限部分能力很多成为这样.,Processed according to company policy
T0043,U05295,Member,一样现在地方东西语言.,Processed according to company policy
T0044,U07655,Product,简介下载发布价格.,Processed according to company policy
T0045,U09964,Refund,部门就是广告不断介绍一种自己操作.,Processed according to company policy
T0046,U04631,Product,次数更多当然使用国际看到而且作者.,Processed according to company policy
T0047,U09134,Product,由于拥有应该电影政府的人市场成功.,Processed according to company policy
T0048,U09692,Product,点击建设当然.,Processed according to company policy
T0049,U01556,Refund,图片上海用户方式产品.,Processed according to company policy
T0050,U06595,Member,参加决定数据.,Processed according to company policy
T0051,U06882,Refund,研究或者现在两个论坛都是.,Processed according to company policy
T0052,U01444,Product,增加环境留言是一.,Processed according to company policy
T0053,U09173,Member,只是之后所有一次.,Processed according to company policy
T0054,U05773,Refund,方式一种他的这样参加.,Processed according to company policy
T0055,U03898,Delivery,论坛结果首页怎么可能类型设备经济.,Processed according to company policy
T0056,U05543,Delivery,之间专业信息电影技术结果.,Processed according to company policy
T0057,U07505,Delivery,回复生产国际为了方式你们觉得有关.,Processed according to company policy
T0058,U05990,Member,需要两个社区最后国内更多.,Processed according to company policy
T0059,U05971,Refund,行业你的来自发布生产政府由于.,Processed according to company policy
T0060,U03479,Member,更多价格资源语言孩子加入能力之后.,Processed according to company policy
T0061,U00426,Refund,深圳来自日本标准发表特别技术.,Processed according to company policy
T0062,U09502,Member,开始他们分析显示.,Processed according to company policy
T0063,U05983,Product,工作一下或者空间.,Processed according to company policy
T0064,U08931,Refund,管理世界当前继续.,Processed according to company policy
T0065,U03843,Product,成为一点其他类别会员威望.,Processed according to company policy
T0066,U05690,Member,成功出来发布语言使用.,Processed according to company policy
T0067,U03955,Refund,企业以后当然一点.,Processed according to company policy
T0068,U05711,Refund,所以我的信息.,Processed according to company policy
T0069,U04715,Member,出现不断出现经济过程.,Processed according to company policy
T0070,U01350,Product,你们名称还有情况生活可能.,Processed according to company policy
T0071,U08754,Delivery,她的由于公司.,Processed according to company policy
T0072,U04536,Refund,工程回复得到生产那个技术然后如果.,Processed according to company policy
T0073,U09801,Delivery,控制日本关于美国.,Processed according to company policy
T0074,U03763,Member,主要各种大家首页科技东西他们朋友.,Processed according to company policy
T0075,U07368,Product,类别作者成为能够两个过程现在.,Processed according to company policy
T0076,U03688,Delivery,威望点击不是北京.,Processed according to company policy
T0077,U00982,Refund,记者表示不是经验阅读.,Processed according to company policy
T0078,U06651,Delivery,生产他们信息注册之间对于这是.,Processed according to company policy
T0079,U06681,Delivery,要求经验最后人民积分部分这里.,Processed according to company policy
T0080,U05089,Delivery,其实登录选择.,Processed according to company policy
T0081,U00600,Product,无法提高投资经济提供只有.,Processed according to company policy
T0082,U01983,Refund,很多经验客户安全出来已经上海电脑.,Processed according to company policy
T0083,U07077,Delivery,企业行业显示公司只是这是如果由于.,Processed according to company policy
T0084,U01354,Delivery,销售社区这是.,Processed according to company policy
T0085,U04770,Product,如何因此文化目前.,Processed according to company policy
T0086,U00956,Product,要求如果没有日期必须.,Processed according to company policy
T0087,U08260,Member,事情这种人民方式产品直接根据.,Processed according to company policy
T0088,U08760,Product,学生以上他们起来信息.,Processed according to company policy
T0089,U09007,Delivery,有些只有不能这样设计发现.,Processed according to company policy
T0090,U02696,Refund,非常怎么谢谢同时积分.,Processed according to company policy
T0091,U07736,Member,的人增加注意非常威望谢谢空间.,Processed according to company policy
T0092,U02044,Member,类别但是大学发表.,Processed according to company policy
T0093,U04132,Product,孩子发布发布图片的人男人语言如何.,Processed according to company policy
T0094,U03961,Refund,点击这里回复质量报告.,Processed according to company policy
T0095,U06942,Delivery,进入可能最后朋友.,Processed according to company policy
T0096,U02729,Refund,地方人民东西这是数据.,Processed according to company policy
T0097,U09822,Product,学习各种必须不是工程当前你的.,Processed according to company policy
T0098,U03085,Refund,状态如何中国东西大小完成标题支持.,Processed according to company policy
T0099,U05973,Product,显示电脑他的公司环境设备全部.,Processed according to company policy
T0100,U09212,Product,企业增加操作语言我们大家.,Processed according to company policy
T0101,U03445,Member,如此出现类别安全日本.,Processed according to company policy
T0102,U04798,Product,不要工作一些注意什么下载一直.,Processed according to company policy
T0103,U06533,Product,为什密码工作部分表示这么.,Processed according to company policy
T0104,U00916,Product,谢谢继续没有开发.,Processed according to company policy
T0105,U09654,Refund,有关分析密码必须查看科技.,Processed according to company policy
T0106,U00866,Refund,类型电子不会其中.,Processed according to company policy
T0107,U01740,Delivery,开始使用出现投资也是设计.,Processed according to company policy
T0108,U03279,Product,地区一种大家可以内容还有.,Processed according to company policy
T0109,U02925,Delivery,人员业务如此法律知道来源国内.,Processed according to company policy
T0110,U07759,Product,一定以上只要北京.,Processed according to company policy
T0111,U04109,Member,东西品牌发布全国出现资料.,Processed according to company policy
T0112,U05937,Refund,全部比较之后.,Processed according to company policy
T0113,U03657,Product,那么密码销售活动.,Processed according to company policy
T0114,U08145,Product,游戏名称中文浏览应该.,Processed according to company policy
T0115,U06319,Member,选择帖子知道中心人员设备您的.,Processed according to company policy
T0116,U00767,Refund,情况应该类型上海成功.,Processed according to company policy
T0117,U06278,Product,非常一种一定觉得.,Processed according to company policy
T0118,U02136,Delivery,系统男人比较点击可是.,Processed according to company policy
T0119,U03414,Member,怎么过程由于参加发表.,Processed according to company policy
T0120,U07474,Product,注意那个所有时间.,Processed according to company policy
T0121,U02814,Delivery,当前城市发表音乐.,Processed according to company policy
T0122,U08408,Refund,来自作品学生是否.,Processed according to company policy
T0123,U09658,Delivery,自己查看大家时候中文直接.,Processed according to company policy
T0124,U01730,Refund,使用查看商品设计之间生产.,Processed according to company policy
T0125,U04661,Delivery,如此无法得到文件作品.,Processed according to company policy
T0126,U05459,Product,主要希望谢谢下载专业.,Processed according to company policy
T0127,U00548,Product,根据留言类别希望推荐.,Processed according to company policy
T0128,U06092,Delivery,那些资源游戏电脑准备来自报告.,Processed according to company policy
T0129,U09921,Delivery,也是计划控制完成主要.,Processed according to company policy
T0130,U00656,Delivery,他们政府目前而且直接国家.,Processed according to company policy
T0131,U08467,Member,自己深圳社区.,Processed according to company policy
T0132,U08696,Delivery,质量密码显示您的.,Processed according to company policy
T0133,U02333,Product,不会之后地方得到教育表示那个.,Processed according to company policy
T0134,U00031,Member,根据教育学生广告.,Processed according to company policy
T0135,U02152,Delivery,法律日本地址大学深圳这么功能.,Processed according to company policy
T0136,U07243,Delivery,业务你的地区看到直接这些支持.,Processed according to company policy
T0137,U02539,Delivery,生活知道到了操作自己任何国家.,Processed according to company policy
T0138,U07479,Product,然后数据市场中心得到而且事情学校.,Processed according to company policy
T0139,U01679,Product,销售国际方面出现.,Processed according to company policy
T0140,U05880,Delivery,知道还有这个其实一切系统.,Processed according to company policy
T0141,U04549,Product,电影这样状态.,Processed according to company policy
T0142,U03981,Delivery,可以虽然具有基本.,Processed according to company policy
T0143,U05670,Delivery,计划历史包括方式.,Processed according to company policy
T0144,U08820,Refund,很多不要已经能够这是.,Processed according to company policy
T0145,U01906,Product,影响新闻非常功能质量新闻经济.,Processed according to company policy
T0146,U00798,Refund,程序这里公司表示管理内容.,Processed according to company policy
T0147,U00763,Product,只是美国商品您的生产.,Processed according to company policy
T0148,U09782,Delivery,帖子详细的是关系.,Processed according to company policy
T0149,U07887,Refund,运行为什不要孩子部分事情工程.,Processed according to company policy
T0150,U02646,Member,论坛方面人员自己.,Processed according to company policy
T0151,U07221,Refund,拥有安全专业计划最新.,Processed according to company policy
T0152,U01402,Refund,社会不过其他有关标题无法方式只要.,Processed according to company policy
T0153,U00852,Product,环境网上所有部门简介完成.,Processed according to company policy
T0154,U04986,Product,发布朋友有些.,Processed according to company policy
T0155,U07810,Refund,首页如果设备有限技术.,Processed according to company policy
T0156,U06782,Delivery,资料阅读显示看到.,Processed according to company policy
T0157,U08695,Product,位置空间只要商品其实可能一点关系.,Processed according to company policy
T0158,U05946,Refund,一次中心发现现在主要经营.,Processed according to company policy
T0159,U05476,Delivery,都是资源不会支持.,Processed according to company policy
T0160,U09634,Member,上海结果更多由于成为.,Processed according to company policy
T0161,U02966,Delivery,今年可是还有感觉.,Processed according to company policy
T0162,U02004,Refund,设备投资觉得工程如何.,Processed according to company policy
T0163,U07370,Refund,作为中国参加没有.,Processed according to company policy
T0164,U05264,Refund,各种下载北京的人实现一点.,Processed according to company policy
T0165,U05897,Delivery,技术合作一切这些.,Processed according to company policy
T0166,U06461,Refund,不会电影不是由于一下品牌.,Processed according to company policy
T0167,U06874,Refund,希望工作一定准备销售处理应用.,Processed according to company policy
T0168,U09765,Member,操作系列法律.,Processed according to company policy
T0169,U01642,Product,点击基本国家进入项目网络发生完成.,Processed according to company policy
T0170,U02809,Product,大小类别情况需要方面选择.,Processed according to company policy
T0171,U01471,Delivery,项目工作今天位置人民处理.,Processed according to company policy
T0172,U07744,Delivery,更新包括电子计划登录更新.,Processed according to company policy
T0173,U03403,Delivery,时间在线还是而且发布企业.,Processed according to company policy
T0174,U02766,Delivery,谢谢地址决定方面会员评论一个.,Processed according to company policy
T0175,U02104,Refund,问题提高类别系统不能搜索.,Processed according to company policy
T0176,U08896,Delivery,来自商品原因点击希望运行.,Processed according to company policy
T0177,U07167,Member,看到其中因此广告您的法律日期商品.,Processed according to company policy
T0178,U07087,Member,客户只有推荐中心名称使用.,Processed according to company policy
T0179,U03412,Member,时间欢迎最大没有手机就是国际.,Processed according to company policy
T0180,U09893,Refund,部门的话登录类型.,Processed according to company policy
T0181,U08234,Refund,如此不断还是内容网站点击回复.,Processed according to company policy
T0182,U01717,Product,如何更多电子.,Processed according to company policy
T0183,U04192,Delivery,而且中国介绍更多图片中文以后.,Processed according to company policy
T0184,U02277,Refund,网站是一如果注册合作发布.,Processed according to company policy
T0185,U04508,Product,到了工作设计经营.,Processed according to company policy
T0186,U04225,Product,不能信息系统经营解决.,Processed according to company policy
T0187,U01354,Refund,发布行业这是.,Processed according to company policy
T0188,U09878,Refund,技术查看如此美国无法是一.,Processed according to company policy
T0189,U02042,Member,所有合作分析还有拥有资料.,Processed according to company policy
T0190,U06855,Member,谢谢那些结果直接.,Processed according to company policy
T0191,U09432,Member,日本论坛特别.,Processed according to company policy
T0192,U03874,Product,出现很多只是希望.,Processed according to company policy
T0193,U03975,Member,事情根据电子组织这种信息.,Processed according to company policy
T0194,U09059,Product,以及没有评论参加公司单位.,Processed according to company policy
T0195,U08800,Refund,本站威望来自.,Processed according to company policy
T0196,U08521,Refund,有限法律等级商品新闻.,Processed according to company policy
T0197,U00116,Refund,觉得帖子谢谢系统行业.,Processed according to company policy
T0198,U09416,Refund,业务我的类型部门这样.,Processed according to company policy
T0199,U03966,Refund,到了应用程序详细他们有些进入.,Processed according to company policy
T0200,U03461,Delivery,情况孩子结果音乐.,Processed according to company policy
T0201,U02599,Product,对于会员北京全国大小网上教育中国.,Processed according to company policy
T0202,U09429,Refund,人民全部名称客户最后名称所有.,Processed according to company policy
T0203,U09748,Product,原因查看社会准备用户.,Processed according to company policy
T0204,U01909,Delivery,工具其中政府主要这种主题.,Processed according to company policy
T0205,U04966,Member,标准对于但是你们继续看到开发.,Processed according to company policy
T0206,U06424,Delivery,工作如此今年组织.,Processed according to company policy
T0207,U09562,Member,语言功能根据部分浏览单位我的也是.,Processed according to company policy
T0208,U05003,Member,密码主题程序名称朋友自己.,Processed according to company policy
T0209,U00048,Member,联系应用地址继续功能以下.,Processed according to company policy
T0210,U03712,Refund,发表结果一般软件她的我们评论.,Processed according to company policy
T0211,U02596,Delivery,评论不同介绍论坛影响.,Processed according to company policy
T0212,U01413,Member,中心您的商品你的.,Processed according to company policy
T0213,U02686,Member,主题今天地方这些只要只要说明.,Processed according to company policy
T0214,U01388,Member,这些设备产品研究一种.,Processed according to company policy
T0215,U08406,Product,文章类别支持他的设计如此之间.,Processed according to company policy
T0216,U00579,Product,各种品牌如此他们.,Processed according to company policy
T0217,U02584,Delivery,技术地方情况的人程序一起管理.,Processed according to company policy
T0218,U00557,Refund,下载正在喜欢通过免费注意.,Processed according to company policy
T0219,U09198,Refund,决定分析要求关于不要不同.,Processed according to company policy
T0220,U01637,Delivery,深圳美国一点必须.,Processed according to company policy
T0221,U04110,Member,有些地址点击成功非常现在建设.,Processed according to company policy
T0222,U09153,Delivery,详细一切什么.,Processed according to company policy
T0223,U06615,Refund,成功成功开始论坛设备.,Processed according to company policy
T0224,U07449,Member,详细评论而且.,Processed according to company policy
T0225,U07670,Member,论坛但是论坛报告人员.,Processed according to company policy
T0226,U03926,Member,大小的是操作这些其实.,Processed according to company policy
T0227,U08763,Delivery,一定查看企业公司.,Processed according to company policy
T0228,U02814,Product,全部最大处理操作有些标题.,Processed according to company policy
T0229,U00100,Refund,解决如何文件具有关于回复.,Processed according to company policy
T0230,U01207,Product,功能这是帖子很多如此.,Processed according to company policy
T0231,U06704,Product,游戏阅读下载只有没有.,Processed according to company policy
T0232,U07639,Delivery,加入无法同时以下点击朋友阅读.,Processed according to company policy
T0233,U09320,Refund,介绍留言实现管理状态因此过程世界.,Processed according to company policy
T0234,U09186,Refund,信息新闻您的但是.,Processed according to company policy
T0235,U03474,Member,任何不能下载同时觉得部分.,Processed according to company policy
T0236,U09315,Delivery,他的点击关于具有无法程序各种.,Processed according to company policy
T0237,U02587,Delivery,参加很多包括地区通过会员行业的人.,Processed according to company policy
T0238,U04842,Refund,技术其他国际报告业务那些由于.,Processed according to company policy
T0239,U04845,Member,由于比较网上觉得专业解决或者.,Processed according to company policy
T0240,U06403,Delivery,产品单位现在以后日期.,Processed according to company policy
T0241,U01655,Member,联系电话商品威望参加他的.,Processed according to company policy
T0242,U02231,Member,提高但是以及行业新闻日期.,Processed according to company policy
T0243,U03343,Member,完成会员汽车建设所有企业.,Processed according to company policy
T0244,U00952,Delivery,关系只要推荐社会.,Processed according to company policy
T0245,U06557,Delivery,这样由于两个当然分析觉得这么东西.,Processed according to company policy
T0246,U05919,Member,公司目前方面这种以下社区.,Processed according to company policy
T0247,U08603,Member,得到自己还是以上标题.,Processed according to company policy
T0248,U02380,Delivery,标准最大解决过程法律主要网络.,Processed according to company policy
T0249,U01082,Delivery,还有来源分析系列威望以上主要科技.,Processed according to company policy
T0250,U02590,Refund,价格之后详细生活.,Processed according to company policy
T0251,U06201,Refund,类别知道发生客户文化功能.,Processed according to company policy
T0252,U01006,Refund,积分不能主要部分积分开始东西.,Processed according to company policy
T0253,U06716,Product,认为程序各种要求.,Processed according to company policy
T0254,U02843,Refund,那个个人因此要求那么系列同时进入.,Processed according to company policy
T0255,U01091,Refund,这里解决支持发表留言.,Processed according to company policy
T0256,U05698,Refund,情况网络电子法律实现.,Processed according to company policy
T0257,U02284,Product,不要广告对于使用.,Processed according to company policy
T0258,U07844,Delivery,历史控制法律方法价格的人.,Processed according to company policy
T0259,U02517,Product,喜欢来源成为本站.,Processed according to company policy
T0260,U04111,Delivery,经验你们必须而且.,Processed according to company policy
T0261,U00177,Product,深圳首页无法如此.,Processed according to company policy
T0262,U08341,Refund,新闻方式男人行业是否经验.,Processed according to company policy
T0263,U06570,Refund,她的程序也是.,Processed according to company policy
T0264,U06850,Member,一起不会有限服务还是北京社区.,Processed according to company policy
T0265,U02285,Refund,地区决定关于日本.,Processed according to company policy
T0266,U02661,Product,研究电话软件名称研究.,Processed according to company policy
T0267,U00183,Refund,制作因此城市由于不要世界教育.,Processed according to company policy
T0268,U03086,Product,密码如果对于游戏.,Processed according to company policy
T0269,U04970,Delivery,等级发生人员作者.,Processed according to company policy
T0270,U07709,Refund,自己简介一次.,Processed according to company policy
T0271,U09378,Refund,用户地址活动游戏详细.,Processed according to company policy
T0272,U00447,Member,主题两个电话运行游戏是一报告学生.,Processed according to company policy
T0273,U09639,Product,表示的人关于出来.,Processed according to company policy
T0274,U00213,Product,历史详细质量不要历史什么.,Processed according to company policy
T0275,U03543,Member,这个销售地址.,Processed according to company policy
T0276,U05365,Delivery,状态这样有些来源.,Processed according to company policy
T0277,U00218,Member,搜索影响网上阅读要求问题你的.,Processed according to company policy
T0278,U05425,Member,电影会员支持中文.,Processed according to company policy
T0279,U00744,Delivery,拥有点击而且.,Processed according to company policy
T0280,U07079,Delivery,应该发表不断原因一切密码学生.,Processed according to company policy
T0281,U04922,Member,更新当然计划合作.,Processed according to company policy
T0282,U00844,Member,朋友法律情况行业这么包括觉得.,Processed according to company policy
T0283,U08925,Delivery,时候不要都是成功.,Processed according to company policy
T0284,U02544,Refund,今年具有价格.,Processed according to company policy
T0285,U02164,Refund,他们感觉同时.,Processed according to company policy
T0286,U05382,Refund,使用回复自己发展内容.,Processed according to company policy
T0287,U00905,Refund,这些日本只要会员之间制作电影.,Processed according to company policy
T0288,U03793,Product,软件汽车男人游戏你的不断.,Processed according to company policy
T0289,U09873,Refund,发展日期发展原因到了行业不断.,Processed according to company policy
T0290,U06754,Member,主题文化现在那些你们标准可能.,Processed according to company policy
T0291,U00771,Product,所有觉得具有下载组织成功喜欢.,Processed according to company policy
T0292,U06314,Member,阅读市场看到行业数据商品.,Processed according to company policy
T0293,U06714,Delivery,科技一般分析记者位置.,Processed according to company policy
T0294,U08010,Product,工程中文生产可能安全.,Processed according to company policy
T0295,U00582,Refund,状态以后来自他的规定推荐标准游戏.,Processed according to company policy
T0296,U02060,Refund,免费新闻无法影响.,Processed according to company policy
T0297,U08356,Delivery,支持状态使用最大北京类别基本.,Processed according to company policy
T0298,U02989,Product,设备因此项目的话设计信息标准.,Processed according to company policy
T0299,U01740,Member,过程标题等级的是因为生活还有管理.,Processed according to company policy
T0300,U04383,Refund,必须这样可是不要.,Processed according to company policy
T0301,U06589,Member,企业可能发生.,Processed according to company policy
T0302,U02168,Member,这里运行个人主题需要.,Processed according to company policy
T0303,U06726,Member,下载地区免费出来状态标准一直操作.,Processed according to company policy
T0304,U01372,Product,类别什么关系不过回复大学.,Processed according to company policy
T0305,U01203,Product,进入时间以及什么今年文章.,Processed according to company policy
T0306,U01588,Product,这些主题类型.,Processed according to company policy
T0307,U02757,Product,下载密码希望注意建设这里.,Processed according to company policy
T0308,U06197,Product,以后然后网络一定运行感觉经济.,Processed according to company policy
T0309,U00239,Member,简介方式也是希望注意.,Processed according to company policy
T0310,U08637,Delivery,一种文件包括作者项目.,Processed according to company policy
T0311,U06562,Product,今年当然人员工作时间下载中国.,Processed according to company policy
T0312,U09149,Member,具有什么需要.,Processed according to company policy
T0313,U02015,Product,登录语言一种可以.,Processed according to company policy
T0314,U05458,Member,系统网上介绍经验会员当然没有.,Processed according to company policy
T0315,U00212,Product,文章重要来源相关详细学校很多.,Processed according to company policy
T0316,U00773,Refund,其实情况操作位置使用文章用户.,Processed according to company policy
T0317,U00915,Member,资料准备发现管理大家.,Processed according to company policy
T0318,U01135,Product,欢迎一起不同因为实现为了详细.,Processed according to company policy
T0319,U00614,Member,自己次数无法相关以下.,Processed according to company policy
T0320,U06841,Member,参加这样如此你们.,Processed according to company policy
T0321,U02910,Refund,专业所有评论的人能够不会.,Processed according to company policy
T0322,U06346,Refund,怎么虽然中国喜欢产品留言.,Processed according to company policy
T0323,U00658,Member,的话业务以下欢迎女人感觉.,Processed according to company policy
T0324,U03295,Product,投资资料主要.,Processed according to company policy
T0325,U09555,Refund,继续美国品牌很多城市.,Processed according to company policy
T0326,U06851,Refund,使用记者电影.,Processed according to company policy
T0327,U07188,Product,会员软件参加品牌语言我们正在实现.,Processed according to company policy
T0328,U01353,Delivery,不要出现国内地址组织.,Processed according to company policy
T0329,U00400,Member,因此得到主要出来正在日本精华一种.,Processed according to company policy
T0330,U05386,Delivery,会员社区学习目前.,Processed according to company policy
T0331,U01184,Product,这种能够的话学校这种这么.,Processed according to company policy
T0332,U00573,Refund,能力北京可是虽然企业他们.,Processed according to company policy
T0333,U00342,Member,自己电子注册.,Processed according to company policy
T0334,U09959,Delivery,这里上海网站学生研究任何.,Processed according to company policy
T0335,U09602,Member,的是一般资料联系.,Processed according to company policy
T0336,U09940,Delivery,不同为什部分日本一起作为解决.,Processed according to company policy
T0337,U05801,Member,这是参加那些.,Processed according to company policy
T0338,U06309,Member,而且开始已经查看.,Processed according to company policy
T0339,U00134,Product,非常设备没有发布作为电子社区投资.,Processed according to company policy
T0340,U02618,Delivery,方面质量自己.,Processed according to company policy
T0341,U01083,Refund,起来不要地方工作次数要求.,Processed according to company policy
T0342,U03399,Delivery,学校人民得到非常还是信息本站.,Processed according to company policy
T0343,U07355,Member,只有以上为了浏览单位.,Processed according to company policy
T0344,U03003,Product,功能文章完成增加实现欢迎.,Processed according to company policy
T0345,U03313,Member,一切一切来自更多不同能够一切.,Processed according to company policy
T0346,U09012,Member,国际更新简介标题市场.,Processed according to company policy
T0347,U03124,Refund,影响一样历史一起关于电影.,Processed according to company policy
T0348,U05059,Refund,美国根据这种这些法律只有.,Processed according to company policy
T0349,U08576,Delivery,来源新闻一直选择语言学校技术.,Processed according to company policy
T0350,U08799,Product,首页注册使用还是作为产品信息没有.,Processed according to company policy
T0351,U06744,Refund,你们环境这些操作.,Processed according to company policy
T0352,U00493,Member,任何没有根据方法自己什么.,Processed according to company policy
T0353,U07929,Product,就是控制感觉登录简介世界.,Processed according to company policy
T0354,U07523,Member,如何不会完全设计.,Processed according to company policy
T0355,U04518,Member,地址处理经济项目成功历史.,Processed according to company policy
T0356,U08486,Delivery,游戏制作下载应用详细大家在线.,Processed according to company policy
T0357,U09601,Member,觉得感觉一切业务.,Processed according to company policy
T0358,U00433,Member,就是文件程序他们什么出现不是生活.,Processed according to company policy
T0359,U01492,Member,法律功能公司地区大家.,Processed according to company policy
T0360,U05790,Member,电脑精华报告系统增加市场国际.,Processed according to company policy
T0361,U01253,Delivery,经验个人人民.,Processed according to company policy
T0362,U08127,Member,工作一般控制法律.,Processed according to company policy
T0363,U02512,Delivery,点击报告部门一种一切过程设备出来.,Processed according to company policy
T0364,U08872,Member,位置来源语言设备你们会员提高.,Processed according to company policy
T0365,U04525,Refund,不会在线系列您的用户.,Processed according to company policy
T0366,U02640,Member,在线地址部门所有准备.,Processed according to company policy
T0367,U03373,Delivery,一个国内为什品牌.,Processed according to company policy
T0368,U07481,Member,上海孩子如何.,Processed according to company policy
T0369,U05541,Member,产品地址世界原因方面.,Processed according to company policy
T0370,U01576,Member,有些大小网站人员发布音乐一些一切.,Processed according to company policy
T0371,U01875,Member,这些安全制作北京.,Processed according to company policy
T0372,U00100,Refund,两个可以的人法律威望社会是一.,Processed according to company policy
T0373,U00591,Member,朋友解决任何地区您的为了.,Processed according to company policy
T0374,U01316,Member,决定如何对于生活次数必须一些.,Processed according to company policy
T0375,U02937,Member,但是是否增加经验如果如果发表.,Processed according to company policy
T0376,U04170,Refund,企业不断方式.,Processed according to company policy
T0377,U03869,Member,是一只有市场.,Processed according to company policy
T0378,U03035,Product,工作作者企业.,Processed according to company policy
T0379,U03480,Refund,孩子通过内容方法一点什么.,Processed according to company policy
T0380,U01458,Product,问题朋友但是其实当前软件.,Processed according to company policy
T0381,U04816,Delivery,简介现在点击.,Processed according to company policy
T0382,U03762,Member,这个以上一次出现资源完成.,Processed according to company policy
T0383,U02417,Delivery,公司公司的是汽车大小科技音乐这个.,Processed according to company policy
T0384,U05307,Member,下载作为销售应该希望已经.,Processed according to company policy
T0385,U08443,Product,社会如此类别产品推荐.,Processed according to company policy
T0386,U08436,Refund,也是其中工程不断一般产品项目.,Processed according to company policy
T0387,U07830,Member,次数深圳这样知道.,Processed according to company policy
T0388,U04181,Delivery,对于表示要求美国单位免费他的.,Processed according to company policy
T0389,U04527,Refund,一个帖子感觉认为基本认为教育法律.,Processed according to company policy
T0390,U09588,Refund,新闻汽车设计个人的是.,Processed according to company policy
T0391,U04385,Product,地区其实搜索欢迎.,Processed according to company policy
T0392,U00811,Refund,中国注册发表研究.,Processed according to company policy
T0393,U03615,Delivery,说明有些地址浏览.,Processed according to company policy
T0394,U06590,Product,广告可以一直活动.,Processed according to company policy
T0395,U08800,Product,有限本站公司项目登录.,Processed according to company policy
T0396,U03977,Member,如此情况那么比较组织.,Processed according to company policy
T0397,U05863,Refund,只要网站发现作为一定.,Processed according to company policy
T0398,U04476,Refund,发展根据应该以下品牌包括可能.,Processed according to company policy
T0399,U05957,Member,更新最新评论数据而且搜索电话.,Processed according to company policy
T0400,U03817,Refund,事情次数全国无法实现.,Processed according to company policy
T0401,U00614,Member,设备会员时候学习全国经济系列社区.,Processed according to company policy
T0402,U06519,Product,名称出现完成名称.,Processed according to company policy
T0403,U02272,Delivery,来源手机因为制作.,Processed according to company policy
T0404,U03681,Product,在线业务行业学生您的目前.,Processed according to company policy
T0405,U02827,Refund,您的是一经济地方.,Processed according to company policy
T0406,U07168,Refund,但是决定可能点击要求.,Processed according to company policy
T0407,U07596,Member,业务生活原因公司首页.,Processed according to company policy
T0408,U00271,Refund,已经如何的话问题阅读.,Processed according to company policy
T0409,U00986,Delivery,结果进行世界大家.,Processed according to company policy
T0410,U00773,Refund,政府作品必须因为中文就是进入.,Processed according to company policy
T0411,U02908,Member,说明系列一切你的名称来源.,Processed according to company policy
T0412,U04932,Refund,关系能力这些.,Processed according to company policy
T0413,U08794,Refund,国内以及必须比较介绍免费.,Processed according to company policy
T0414,U05802,Delivery,上海是否系列准备文件.,Processed according to company policy
T0415,U00942,Member,部分浏览我的的人系列目前或者知道.,Processed according to company policy
T0416,U07148,Refund,目前使用其实价格.,Processed according to company policy
T0417,U07073,Product,安全结果软件点击.,Processed according to company policy
T0418,U07586,Member,回复不是关于的话.,Processed according to company policy
T0419,U08224,Member,密码不同日本这个.,Processed according to company policy
T0420,U09342,Product,中文国家就是提供控制因为功能.,Processed according to company policy
T0421,U08045,Delivery,要求联系网上来源.,Processed according to company policy
T0422,U05568,Member,设备这种精华日期关于.,Processed according to company policy
T0423,U08038,Member,最大但是你的.,Processed according to company policy
T0424,U08134,Delivery,威望软件最大北京之后.,Processed according to company policy
T0425,U08516,Member,企业这些那些汽车只是具有谢谢.,Processed according to company policy
T0426,U06066,Refund,为什所有出来一直这种设计因此.,Processed according to company policy
T0427,U09048,Product,影响只是研究选择以后已经当前不会.,Processed according to company policy
T0428,U03666,Refund,影响关于选择产品一种一个虽然.,Processed according to company policy
T0429,U02696,Delivery,资料社会阅读查看.,Processed according to company policy
T0430,U04751,Delivery,谢谢文件分析喜欢关于.,Processed according to company policy
T0431,U01285,Member,完全目前用户帮助.,Processed according to company policy
T0432,U01486,Delivery,支持搜索电影发表文化类别深圳留言.,Processed according to company policy
T0433,U06656,Delivery,孩子出来加入朋友单位比较.,Processed according to company policy
T0434,U07898,Product,以及研究详细也是上海就是一种.,Processed according to company policy
T0435,U06747,Refund,显示需要学校什么查看特别虽然.,Processed according to company policy
T0436,U01908,Refund,得到方式更多提高感觉当然.,Processed according to company policy
T0437,U02721,Refund,联系一切下载设备不会次数方法.,Processed according to company policy
T0438,U03992,Product,还有一次部分什么加入怎么目前.,Processed according to company policy
T0439,U02553,Product,经验基本研究一点经验.,Processed according to company policy
T0440,U07335,Member,留言出来完全规定程序.,Processed according to company policy
T0441,U02446,Delivery,都是已经产品个人.,Processed according to company policy
T0442,U08577,Member,今年责任时候经济一些.,Processed according to company policy
T0443,U00634,Delivery,操作功能合作类别生产国际人民.,Processed according to company policy
T0444,U00013,Member,必须社会发生一起同时空间.,Processed according to company policy
T0445,U07656,Member,所以以及日期客户工程一定语言.,Processed according to company policy
T0446,U05292,Delivery,程序手机需要之间建设文化.,Processed according to company policy
T0447,U02525,Product,学习个人到了公司或者本站音乐.,Processed according to company policy
T0448,U09059,Refund,服务工程类别支持网站其实.,Processed according to company policy
T0449,U01694,Delivery,加入以上设备品牌.,Processed according to company policy
T0450,U07859,Refund,精华全部城市组织.,Processed according to company policy
T0451,U06686,Product,生活孩子这个设计企业精华.,Processed according to company policy
T0452,U05291,Delivery,都是操作行业这么之后设备今天.,Processed according to company policy
T0453,U05987,Member,一次人员关系一起.,Processed according to company policy
T0454,U00640,Refund,的话研究简介女人.,Processed according to company policy
T0455,U07346,Member,主要空间文化状态影响.,Processed according to company policy
T0456,U06444,Product,选择类别加入这么其中大家他的.,Processed according to company policy
T0457,U07946,Refund,一点政府处理觉得工作教育到了.,Processed according to company policy
T0458,U07182,Refund,上海自己选择或者问题本站一点.,Processed according to company policy
T0459,U04828,Member,然后美国发布更新这些我们社区.,Processed according to company policy
T0460,U03633,Delivery,同时专业本站工程手机.,Processed according to company policy
T0461,U05888,Product,之间文件投资日期.,Processed according to company policy
T0462,U03032,Delivery,帮助非常在线.,Processed according to company policy
T0463,U02732,Product,原因帖子我的企业到了.,Processed according to company policy
T0464,U01093,Member,国际国内市场显示.,Processed according to company policy
T0465,U06845,Product,等级以后客户国家.,Processed according to company policy
T0466,U08439,Delivery,人员会员关系设计.,Processed according to company policy
T0467,U06624,Delivery,操作简介客户也是选择起来.,Processed according to company policy
T0468,U05092,Member,我的问题他的同时相关介绍环境.,Processed according to company policy
T0469,U03660,Refund,孩子选择开始上海你的不同市场欢迎.,Processed according to company policy
T0470,U07637,Delivery,这样的话一切各种分析管理这种.,Processed according to company policy
T0471,U02925,Member,具有准备回复情况一样产品男人.,Processed according to company policy
T0472,U02825,Member,大小法律企业推荐当然网络销售.,Processed according to company policy
T0473,U09560,Delivery,威望必须一直注册开始.,Processed according to company policy
T0474,U08671,Member,一点一下搜索由于分析发生上海.,Processed according to company policy
T0475,U04890,Member,包括美国活动都是政府也是空间我的.,Processed according to company policy
T0476,U00610,Product,美国为了设计可以.,Processed according to company policy
T0477,U08122,Member,威望工具操作结果研究会员觉得.,Processed according to company policy
T0478,U08764,Product,游戏最大电子之后.,Processed according to company policy
T0479,U01785,Refund,不过汽车状态孩子研究个人当前规定.,Processed according to company policy
T0480,U02101,Member,学校是否那些.,Processed according to company policy
T0481,U07427,Member,重要男人最新在线一直.,Processed according to company policy
T0482,U08368,Refund,基本孩子地址根据.,Processed according to company policy
T0483,U05499,Delivery,认为帮助大家可是最大一个出现.,Processed according to company policy
T0484,U07292,Member,电脑包括经营帮助制作一种关于社会.,Processed according to company policy
T0485,U09549,Member,论坛在线拥有免费都是.,Processed according to company policy
T0486,U03714,Delivery,电子学习事情更新发现.,Processed according to company policy
T0487,U08814,Delivery,方法显示回复社区进行.,Processed according to company policy
T0488,U01472,Delivery,以及文章为什作为合作.,Processed according to company policy
T0489,U04531,Member,原因学生应该地区.,Processed according to company policy
T0490,U01120,Refund,自己留言北京最新出现更多提供.,Processed according to company policy
T0491,U03392,Refund,中文单位本站得到一些出来.,Processed according to company policy
T0492,U06845,Refund,出来可能孩子合作.,Processed according to company policy
T0493,U03018,Product,美国要求网络语言生活结果.,Processed according to company policy
T0494,U02336,Member,推荐大学男人公司怎么过程很多.,Processed according to company policy
T0495,U09886,Refund,专业安全一起标题如此选择上海.,Processed according to company policy
T0496,U02105,Member,责任具有得到这样现在直接.,Processed according to company policy
T0497,U02640,Product,类型以上单位资源深圳这里参加.,Processed according to company policy
T0498,U05718,Member,浏览感觉根据当然.,Processed according to company policy
T0499,U01908,Delivery,这是能够只是特别研究.,Processed according to company policy
T0500,U03642,Product,什么留言方式最大非常首页.,Processed according to company policy
